{"fix_train": {"acc": {"proposed-total": [0.9995, 0.9954, 0.9774, 0.925, 0.8644, 0.8093, 0.7572, 0.717, 0.6827, 0.6504], "mhawkes-total": [0.9972, 0.9582, 0.8806, 0.8126, 0.7584, 0.7152, 0.6733, 0.641, 0.612, 0.5819]}, "mape": {"proposed-total": [0.04573254447154753, 0.07506361162688113, 0.10433997296135505, 0.1312005615503299, 0.156141147646726, 0.17975326145813839, 0.20109465152222086, 0.2208046806867343, 0.23817829380602307, 0.25441475420347903], "mhawkes-total": [0.07988393482136258, 0.12052659401824092, 0.14974949417409494, 0.17563194819856046, 0.19956501100377075, 0.22203011792578994, 0.24333237662832694, 0.2630790288207381, 0.28288505670111636, 0.3017289614866484]}}}