{"fix_train": {"acc": {"proposed-total": [0.9961, 0.9805, 0.9551, 0.9289, 0.9068, 0.8895, 0.8785, 0.8714, 0.8679, 0.8674], "mhawkes-total": [0.9978978978978978, 0.97997997997998, 0.9577577577577577, 0.9326326326326326, 0.9158158158158158, 0.8986986986986987, 0.8877877877877878, 0.8747747747747747, 0.8626626626626627, 0.8494494494494494]}, "mape": {"proposed-total": [0.047703676609669864, 0.0732357376463698, 0.094566576610857, 0.11180170895817727, 0.12467841300900738, 0.1355184303539149, 0.14374058595807385, 0.150202563490986, 0.15516440827033742, 0.15893981839301297], "mhawkes-total": [0.07136930425954507, 0.09918922054960241, 0.11491779644592187, 0.1281499500493061, 0.13980508790071475, 0.14893640415811765, 0.1567779792006124, 0.1639491418951149, 0.17008274209569088, 0.17640890947205387]}}}